-- 더미 콘텐츠 시드 데이터 (ADMIN 소스, 더미 stats 포함)

-- 태그
INSERT INTO tags (id, name) VALUES
    ('a0000000-0000-0000-0000-000000000001', '액션'),
    ('a0000000-0000-0000-0000-000000000002', '드라마'),
    ('a0000000-0000-0000-0000-000000000003', 'SF'),
    ('a0000000-0000-0000-0000-000000000004', '코미디'),
    ('a0000000-0000-0000-0000-000000000005', '로맨스'),
    ('a0000000-0000-0000-0000-000000000006', '축구'),
    ('a0000000-0000-0000-0000-000000000007', '농구')
ON CONFLICT (name) DO NOTHING;

-- content_stats
INSERT INTO content_stats (id, review_count, rating_sum, watcher_count, created_at, updated_at) VALUES
    ('b0000000-0000-0000-0000-000000000001', 12, 48.0, 320, now(), now()),
    ('b0000000-0000-0000-0000-000000000002', 5, 17.5, 90, now(), now()),
    ('b0000000-0000-0000-0000-000000000003', 30, 135.0, 1500, now(), now()),
    ('b0000000-0000-0000-0000-000000000004', 0, 0, 0, now(), now()),
    ('b0000000-0000-0000-0000-000000000005', 8, 28.0, 210, now(), now()),
    ('b0000000-0000-0000-0000-000000000006', 2, 9.0, 40, now(), now());

-- contents
INSERT INTO contents (id, type, title, description, stats_id, released_at, metadata, source, external_id, created_at, updated_at) VALUES
    ('c0000000-0000-0000-0000-000000000001', 'MOVIE', '은하수를 건너서', '우주를 배경으로 한 SF 액션 영화', 'b0000000-0000-0000-0000-000000000001',
        '2024-03-15T00:00:00Z', '{"runtime":128,"genres":["SF","액션"],"language":"ko"}', 'ADMIN', 'dummy-movie-001', now(), now()),
    ('c0000000-0000-0000-0000-000000000002', 'MOVIE', '봄날의 약속', '잔잔한 로맨스 드라마', 'b0000000-0000-0000-0000-000000000002',
        '2023-11-02T00:00:00Z', '{"runtime":104,"genres":["드라마","로맨스"],"language":"ko"}', 'ADMIN', 'dummy-movie-002', now(), now()),
    ('c0000000-0000-0000-0000-000000000003', 'TV_SERIES', '도시의 밤', '느와르풍 범죄 드라마 시리즈', 'b0000000-0000-0000-0000-000000000003',
        '2022-06-10T00:00:00Z', '{"seasons":3,"genres":["드라마","액션"],"language":"ko"}', 'ADMIN', 'dummy-tv-001', now(), now()),
    ('c0000000-0000-0000-0000-000000000004', 'TV_SERIES', '웃음 한 박스', '시트콤 코미디 시리즈', 'b0000000-0000-0000-0000-000000000004',
        '2025-01-20T00:00:00Z', '{"seasons":1,"genres":["코미디"],"language":"ko"}', 'ADMIN', 'dummy-tv-002', now(), now()),
    ('c0000000-0000-0000-0000-000000000005', 'SPORT', 'FC 서울 vs 수원 삼성', 'K리그 정규시즌 경기', 'b0000000-0000-0000-0000-000000000005',
        '2026-04-05T10:00:00Z', '{"league":"K리그1","season":"2026","homeTeam":"FC 서울","awayTeam":"수원 삼성"}', 'ADMIN', 'dummy-sport-001', now(), now()),
    ('c0000000-0000-0000-0000-000000000006', 'SPORT', '서울 SK vs 부산 KCC', 'KBL 정규시즌 경기', 'b0000000-0000-0000-0000-000000000006',
        '2026-02-18T11:00:00Z', '{"league":"KBL","season":"2025-2026","homeTeam":"서울 SK","awayTeam":"부산 KCC"}', 'ADMIN', 'dummy-sport-002', now(), now())
ON CONFLICT (source, external_id) DO NOTHING;

-- content_tags
INSERT INTO content_tags (content_id, tag_id) VALUES
    ('c0000000-0000-0000-0000-000000000001', 'a0000000-0000-0000-0000-000000000001'),
    ('c0000000-0000-0000-0000-000000000001', 'a0000000-0000-0000-0000-000000000003'),
    ('c0000000-0000-0000-0000-000000000002', 'a0000000-0000-0000-0000-000000000002'),
    ('c0000000-0000-0000-0000-000000000002', 'a0000000-0000-0000-0000-000000000005'),
    ('c0000000-0000-0000-0000-000000000003', 'a0000000-0000-0000-0000-000000000002'),
    ('c0000000-0000-0000-0000-000000000003', 'a0000000-0000-0000-0000-000000000001'),
    ('c0000000-0000-0000-0000-000000000004', 'a0000000-0000-0000-0000-000000000004'),
    ('c0000000-0000-0000-0000-000000000005', 'a0000000-0000-0000-0000-000000000006'),
    ('c0000000-0000-0000-0000-000000000006', 'a0000000-0000-0000-0000-000000000007')
ON CONFLICT DO NOTHING;
